{
  "name": "kark-website-production",
  "version": "1.0.0",
  "description": "KARK Arama Kurtarma website production configuration",
  "type": "module",
  "scripts": {
    "start": "NODE_ENV=production tsx server/index.ts",
    "start:prod": "NODE_ENV=production tsx server/index.ts",
    "build": "tsc && vite build",
    "build:client": "vite build",
    "build:server": "tsc",
    "dev": "cross-env NODE_ENV=development tsx server/index.ts",
    "postinstall": "npm run build"
  },
  "dependencies": {
    "@hookform/resolvers": "^3.3.2",
    "@neondatabase/serverless": "^0.9.0",
    "@radix-ui/react-accordion": "^1.1.2",
    "@radix-ui/react-alert-dialog": "^1.0.5",
    "@radix-ui/react-aspect-ratio": "^1.0.3",
    "@radix-ui/react-avatar": "^1.0.4",
    "@radix-ui/react-checkbox": "^1.0.4",
    "@radix-ui/react-collapsible": "^1.0.3",
    "@radix-ui/react-context-menu": "^2.1.5",
    "@radix-ui/react-dialog": "^1.0.5",
    "@radix-ui/react-dropdown-menu": "^2.0.6",
    "@radix-ui/react-hover-card": "^1.0.7",
    "@radix-ui/react-label": "^2.0.2",
    "@radix-ui/react-menubar": "^1.0.4",
    "@radix-ui/react-navigation-menu": "^1.1.4",
    "@radix-ui/react-popover": "^1.0.7",
    "@radix-ui/react-progress": "^1.0.3",
    "@radix-ui/react-radio-group": "^1.1.3",
    "@radix-ui/react-scroll-area": "^1.0.5",
    "@radix-ui/react-select": "^2.0.0",
    "@radix-ui/react-separator": "^1.0.3",
    "@radix-ui/react-slider": "^1.1.2",
    "@radix-ui/react-slot": "^1.0.2",
    "@radix-ui/react-switch": "^1.0.3",
    "@radix-ui/react-tabs": "^1.0.4",
    "@radix-ui/react-toast": "^1.1.5",
    "@radix-ui/react-toggle": "^1.0.3",
    "@radix-ui/react-toggle-group": "^1.0.4",
    "@radix-ui/react-tooltip": "^1.0.7",
    "@tailwindcss/typography": "^0.5.10",
    "@tailwindcss/vite": "^4.0.0-alpha.22",
    "@tanstack/react-query": "^5.17.9",
    "bcryptjs": "^2.4.3",
    "class-variance-authority": "^0.7.0",
    "clsx": "^2.0.0",
    "cmdk": "^0.2.0",
    "connect-pg-simple": "^9.0.1",
    "cors": "^2.8.5",
    "cross-env": "^7.0.3",
    "csurf": "^1.11.0",
    "date-fns": "^3.6.0",
    "dotenv": "^16.3.1",
    "drizzle-kit": "^0.20.6",
    "drizzle-orm": "^0.29.1",
    "drizzle-zod": "^0.5.1",
    "embla-carousel-react": "^8.0.0",
    "express": "^4.18.2",
    "express-mongo-sanitize": "^2.2.0",
    "express-rate-limit": "^7.1.5",
    "express-session": "^1.17.3",
    "framer-motion": "^10.16.16",
    "helmet": "^7.1.0",
    "hpp": "^0.2.3",
    "input-otp": "^1.2.4",
    "lucide-react": "^0.307.0",
    "memoizee": "^0.4.15",
    "memorystore": "^1.6.7",
    "mysql2": "^3.6.5",
    "next-themes": "^0.2.1",
    "openid-client": "^5.6.1",
    "passport": "^0.7.0",
    "passport-local": "^1.0.0",
    "pg": "^8.11.3",
    "react": "^18.2.0",
    "react-day-picker": "^8.10.0",
    "react-dom": "^18.2.0",
    "react-helmet": "^6.1.0",
    "react-helmet-async": "^2.0.4",
    "react-hook-form": "^7.48.2",
    "react-icons": "^4.12.0",
    "react-resizable-panels": "^0.0.55",
    "recharts": "^2.8.0",
    "tailwind-merge": "^2.2.0",
    "tailwindcss": "^3.4.0",
    "tailwindcss-animate": "^1.0.7",
    "tsx": "^4.6.2",
    "tw-animate-css": "^1.0.1",
    "typescript": "^5.3.3",
    "ua-parser-js": "^1.0.37",
    "vaul": "^0.9.0",
    "wouter": "^3.0.0",
    "ws": "^8.14.2",
    "xss": "^1.0.14",
    "zod": "^3.22.4",
    "zod-validation-error": "^2.1.0"
  },
  "devDependencies": {
    "@types/connect-pg-simple": "^7.0.3",
    "@types/cors": "^2.8.17",
    "@types/express": "^4.17.21",
    "@types/express-session": "^1.17.10",
    "@types/memoizee": "^0.4.11",
    "@types/mysql": "^2.15.24",
    "@types/node": "^20.10.5",
    "@types/passport": "^1.0.16",
    "@types/passport-local": "^1.0.38",
    "@types/react": "^18.2.45",
    "@types/react-dom": "^18.2.18",
    "@types/react-helmet": "^6.1.11",
    "@types/ws": "^8.5.10",
    "@vitejs/plugin-react": "^4.2.1",
    "autoprefixer": "^10.4.16",
    "esbuild": "^0.19.9",
    "postcss": "^8.4.32",
    "vite": "^5.0.10"
  }
}