[
  {
    "id": 4,
    "year": 2015,
    "title": "Teknoloji Entegrasyonu",
    "description": "Drone teknolojisi ve modern iletişim sistemleri operasyonlara entegre edildi.",
    "itemType": "expansion",
    "isActive": true,
    "sortOrder": 4,
    "createdAt": "2024-07-04T08:41:00.000Z",
    "updatedAt": "2024-07-04T08:41:00.000Z",
    "createdBy": 1,
    "updatedBy": 1
  },
  {
    "id": 5,
    "year": 2020,
    "title": "Bölgesel İşbirliği",
    "description": "Akdeniz bölgesindeki diğer arama kurtarma örgütleriyle işbirliği protokolleri imzalandı.",
    "itemType": "partnership",
    "isActive": true,
    "sortOrder": 5,
    "createdAt": "2024-07-04T08:41:00.000Z",
    "updatedAt": "2024-07-04T08:41:00.000Z",
    "createdBy": 1,
    "updatedBy": 1
  },
  {
    "year": 2000,
    "title": "dvvwfasaca",
    "description": "afadwd",
    "itemType": "milestone",
    "isActive": true,
    "sortOrder": 3,
    "createdBy": 2,
    "updatedBy": 2,
    "id": 6,
    "createdAt": "2025-08-30T08:42:09.321Z",
    "updatedAt": "2025-08-30T08:42:09.321Z"
  }
]