[
  {
    "id": 91,
    "userId": 2,
    "action": "Tarihçe Ekleme",
    "details": "Yeni tarihçe öğesi oluşturuldu: dvvwfasaca",
    "ipAddress": "194.146.159.19",
    "userAgent": "Mozilla/5.0 (Windows NT 10.0; Win64; x64) AppleWebKit/537.36 (KHTML, like Gecko) Chrome/139.0.0.0 Safari/537.36 Edg/139.0.0.0",
    "resourceType": "timeline",
    "resourceId": "6",
    "timestamp": "2025-08-30T08:42:09.322Z"
  },
  {
    "id": 90,
    "userId": 2,
    "action": "Tarihçe Silme",
    "details": "Tarihçe öğesi silindi: ID 3",
    "ipAddress": "194.146.159.19",
    "userAgent": "Mozilla/5.0 (Windows NT 10.0; Win64; x64) AppleWebKit/537.36 (KHTML, like Gecko) Chrome/139.0.0.0 Safari/537.36 Edg/139.0.0.0",
    "resourceType": "timeline",
    "resourceId": "3",
    "timestamp": "2025-08-30T08:41:49.756Z"
  },
  {
    "id": 89,
    "userId": 2,
    "action": "Tarihçe Silme",
    "details": "Tarihçe öğesi silindi: ID 2",
    "ipAddress": "194.146.159.19",
    "userAgent": "Mozilla/5.0 (Windows NT 10.0; Win64; x64) AppleWebKit/537.36 (KHTML, like Gecko) Chrome/139.0.0.0 Safari/537.36 Edg/139.0.0.0",
    "resourceType": "timeline",
    "resourceId": "2",
    "timestamp": "2025-08-30T08:41:47.747Z"
  },
  {
    "id": 88,
    "userId": 2,
    "action": "Tarihçe Silme",
    "details": "Tarihçe öğesi silindi: ID 1",
    "ipAddress": "194.146.159.19",
    "userAgent": "Mozilla/5.0 (Windows NT 10.0; Win64; x64) AppleWebKit/537.36 (KHTML, like Gecko) Chrome/139.0.0.0 Safari/537.36 Edg/139.0.0.0",
    "resourceType": "timeline",
    "resourceId": "1",
    "timestamp": "2025-08-30T08:41:45.608Z"
  },
  {
    "id": 87,
    "userId": 2,
    "action": "Ayarlar Güncelleme",
    "details": "Güncellenen ayarlar: about.content",
    "ipAddress": "194.146.159.19",
    "userAgent": "Mozilla/5.0 (Windows NT 10.0; Win64; x64) AppleWebKit/537.36 (KHTML, like Gecko) Chrome/139.0.0.0 Safari/537.36 Edg/139.0.0.0",
    "resourceType": "settings",
    "resourceId": "about.content",
    "timestamp": "2025-08-30T07:41:41.775Z"
  },
  {
    "id": 86,
    "userId": 2,
    "action": "Ayarlar Güncelleme",
    "details": "Güncellenen ayarlar: about.content",
    "ipAddress": "194.146.159.19",
    "userAgent": "Mozilla/5.0 (Windows NT 10.0; Win64; x64) AppleWebKit/537.36 (KHTML, like Gecko) Chrome/139.0.0.0 Safari/537.36 Edg/139.0.0.0",
    "resourceType": "settings",
    "resourceId": "about.content",
    "timestamp": "2025-08-30T07:41:25.734Z"
  },
  {
    "id": 85,
    "userId": 2,
    "action": "Ayarlar Güncelleme",
    "details": "Güncellenen ayarlar: about.content",
    "ipAddress": "194.146.159.19",
    "userAgent": "Mozilla/5.0 (Windows NT 10.0; Win64; x64) AppleWebKit/537.36 (KHTML, like Gecko) Chrome/139.0.0.0 Safari/537.36 Edg/139.0.0.0",
    "resourceType": "settings",
    "resourceId": "about.content",
    "timestamp": "2025-08-30T07:41:01.971Z"
  },
  {
    "id": 84,
    "userId": 2,
    "action": "Ayarlar Güncelleme",
    "details": "Güncellenen ayarlar: about.content",
    "ipAddress": "194.146.159.19",
    "userAgent": "Mozilla/5.0 (Windows NT 10.0; Win64; x64) AppleWebKit/537.36 (KHTML, like Gecko) Chrome/139.0.0.0 Safari/537.36 Edg/139.0.0.0",
    "resourceType": "settings",
    "resourceId": "about.content",
    "timestamp": "2025-08-30T07:28:40.816Z"
  },
  {
    "id": 83,
    "userId": 2,
    "action": "Ayarlar Güncelleme",
    "details": "Güncellenen ayarlar: about.content",
    "ipAddress": "194.146.159.19",
    "userAgent": "Mozilla/5.0 (Windows NT 10.0; Win64; x64) AppleWebKit/537.36 (KHTML, like Gecko) Chrome/139.0.0.0 Safari/537.36 Edg/139.0.0.0",
    "resourceType": "settings",
    "resourceId": "about.content",
    "timestamp": "2025-08-30T07:28:23.025Z"
  },
  {
    "id": 82,
    "userId": 2,
    "action": "Ayarlar Güncelleme",
    "details": "Güncellenen ayarlar: about.content",
    "ipAddress": "194.146.159.19",
    "userAgent": "Mozilla/5.0 (Windows NT 10.0; Win64; x64) AppleWebKit/537.36 (KHTML, like Gecko) Chrome/139.0.0.0 Safari/537.36 Edg/139.0.0.0",
    "resourceType": "settings",
    "resourceId": "about.content",
    "timestamp": "2025-08-30T07:28:02.988Z"
  },
  {
    "id": 81,
    "userId": 2,
    "action": "Ayarlar Güncelleme",
    "details": "Güncellenen ayarlar: about.content",
    "ipAddress": "194.146.159.19",
    "userAgent": "Mozilla/5.0 (Windows NT 10.0; Win64; x64) AppleWebKit/537.36 (KHTML, like Gecko) Chrome/139.0.0.0 Safari/537.36 Edg/139.0.0.0",
    "resourceType": "settings",
    "resourceId": "about.content",
    "timestamp": "2025-08-30T07:27:51.120Z"
  },
  {
    "id": 80,
    "userId": 1,
    "action": "Yetkisiz Giriş Denemesi",
    "details": "Korumalı admin hesabına başarısız giriş denemesi: lotus",
    "ipAddress": "194.146.159.19, 10.82.3.33",
    "userAgent": "Mozilla/5.0 (Windows NT 10.0; Win64; x64) AppleWebKit/537.36 (KHTML, like Gecko) Chrome/139.0.0.0 Safari/537.36 Edg/139.0.0.0",
    "resourceType": "security",
    "resourceId": "admin-login",
    "timestamp": "2025-08-30T07:26:56.709Z"
  },
  {
    "id": 79,
    "userId": 1,
    "action": "Yetkisiz Giriş Denemesi",
    "details": "Korumalı admin hesabına başarısız giriş denemesi: lotus",
    "ipAddress": "194.146.158.125, 10.83.7.51",
    "userAgent": "Mozilla/5.0 (Windows NT 10.0; Win64; x64) AppleWebKit/537.36 (KHTML, like Gecko) Chrome/137.0.0.0 Safari/537.36 Edg/137.0.0.0",
    "resourceType": "security",
    "resourceId": "admin-login",
    "timestamp": "2025-07-07T09:39:51.188Z"
  },
  {
    "id": 78,
    "userId": 1,
    "action": "Ekip Üyesi Ekleme",
    "details": "Yeni ekip üyesi eklendi: rtrgeert hgrntagr",
    "ipAddress": "194.146.158.28",
    "userAgent": "Mozilla/5.0 (Windows NT 10.0; Win64; x64) AppleWebKit/537.36 (KHTML, like Gecko) Chrome/137.0.0.0 Safari/537.36 Edg/137.0.0.0",
    "resourceType": "team",
    "resourceId": "2",
    "timestamp": "2025-07-06T15:44:38.690Z"
  },
  {
    "id": 77,
    "userId": 1,
    "action": "Ekip Üyesi Silme",
    "details": "Ekip üyesi silindi (ID: 2)",
    "ipAddress": "194.146.158.28",
    "userAgent": "Mozilla/5.0 (Windows NT 10.0; Win64; x64) AppleWebKit/537.36 (KHTML, like Gecko) Chrome/137.0.0.0 Safari/537.36 Edg/137.0.0.0",
    "resourceType": "team",
    "resourceId": "2",
    "timestamp": "2025-07-06T15:44:28.979Z"
  },
  {
    "id": 76,
    "userId": 1,
    "action": "Ekip Üyesi Güncelleme",
    "details": "Ekip üyesi güncellendi: fsdbsf dfds",
    "ipAddress": "194.146.158.28",
    "userAgent": "Mozilla/5.0 (Windows NT 10.0; Win64; x64) AppleWebKit/537.36 (KHTML, like Gecko) Chrome/137.0.0.0 Safari/537.36 Edg/137.0.0.0",
    "resourceType": "team",
    "resourceId": "2",
    "timestamp": "2025-07-06T15:43:24.969Z"
  },
  {
    "id": 75,
    "userId": 1,
    "action": "Ekip Üyesi Güncelleme",
    "details": "Ekip üyesi güncellendi: mahm .",
    "ipAddress": "194.146.158.28",
    "userAgent": "Mozilla/5.0 (Windows NT 10.0; Win64; x64) AppleWebKit/537.36 (KHTML, like Gecko) Chrome/137.0.0.0 Safari/537.36 Edg/137.0.0.0",
    "resourceType": "team",
    "resourceId": "1",
    "timestamp": "2025-07-06T15:43:24.964Z"
  },
  {
    "id": 74,
    "userId": 1,
    "action": "Ekip Üyesi Güncelleme",
    "details": "Ekip üyesi güncellendi: mahm .",
    "ipAddress": "194.146.158.28",
    "userAgent": "Mozilla/5.0 (Windows NT 10.0; Win64; x64) AppleWebKit/537.36 (KHTML, like Gecko) Chrome/137.0.0.0 Safari/537.36 Edg/137.0.0.0",
    "resourceType": "team",
    "resourceId": "1",
    "timestamp": "2025-07-06T15:43:22.944Z"
  },
  {
    "id": 73,
    "userId": 1,
    "action": "Ekip Üyesi Güncelleme",
    "details": "Ekip üyesi güncellendi: fsdbsf dfds",
    "ipAddress": "194.146.158.28",
    "userAgent": "Mozilla/5.0 (Windows NT 10.0; Win64; x64) AppleWebKit/537.36 (KHTML, like Gecko) Chrome/137.0.0.0 Safari/537.36 Edg/137.0.0.0",
    "resourceType": "team",
    "resourceId": "2",
    "timestamp": "2025-07-06T15:43:22.937Z"
  },
  {
    "id": 72,
    "userId": 1,
    "action": "Ekip Üyesi Ekleme",
    "details": "Yeni ekip üyesi eklendi: fsdbsf dfds",
    "ipAddress": "194.146.158.28",
    "userAgent": "Mozilla/5.0 (Windows NT 10.0; Win64; x64) AppleWebKit/537.36 (KHTML, like Gecko) Chrome/137.0.0.0 Safari/537.36 Edg/137.0.0.0",
    "resourceType": "team",
    "resourceId": "2",
    "timestamp": "2025-07-06T14:39:54.908Z"
  },
  {
    "id": 71,
    "userId": 1,
    "action": "Medya Ekleme",
    "details": "Yeni medya eklendi: sdvsgfsvd",
    "ipAddress": "194.146.158.28",
    "userAgent": "Mozilla/5.0 (Windows NT 10.0; Win64; x64) AppleWebKit/537.36 (KHTML, like Gecko) Chrome/137.0.0.0 Safari/537.36 Edg/137.0.0.0",
    "resourceType": "media",
    "resourceId": "3",
    "timestamp": "2025-07-06T13:56:01.137Z"
  },
  {
    "id": 70,
    "userId": 1,
    "action": "Medya Ekleme",
    "details": "Yeni medya eklendi: Fotoğraf - lol",
    "ipAddress": "194.146.158.28",
    "userAgent": "Mozilla/5.0 (Windows NT 10.0; Win64; x64) AppleWebKit/537.36 (KHTML, like Gecko) Chrome/137.0.0.0 Safari/537.36 Edg/137.0.0.0",
    "resourceType": "media",
    "resourceId": "2",
    "timestamp": "2025-07-06T13:44:13.056Z"
  },
  {
    "id": 69,
    "userId": 1,
    "action": "Medya Ekleme",
    "details": "Yeni medya eklendi: Fotoğraf - lol",
    "ipAddress": "194.146.158.28",
    "userAgent": "Mozilla/5.0 (Windows NT 10.0; Win64; x64) AppleWebKit/537.36 (KHTML, like Gecko) Chrome/137.0.0.0 Safari/537.36 Edg/137.0.0.0",
    "resourceType": "media",
    "resourceId": "1",
    "timestamp": "2025-07-06T13:44:13.049Z"
  },
  {
    "id": 68,
    "userId": 2,
    "action": "Operasyon Oluşturma",
    "details": "Yeni operasyon oluşturuldu: jışişlki",
    "ipAddress": "194.146.158.28",
    "userAgent": "Mozilla/5.0 (Windows NT 10.0; Win64; x64) AppleWebKit/537.36 (KHTML, like Gecko) Chrome/137.0.0.0 Safari/537.36 Edg/137.0.0.0",
    "resourceType": "operations",
    "resourceId": "1",
    "timestamp": "2025-07-05T18:54:16.032Z"
  },
  {
    "id": 67,
    "userId": 2,
    "action": "Operasyon Silme",
    "details": "Operasyon silindi: ID 1",
    "ipAddress": "194.146.158.28",
    "userAgent": "Mozilla/5.0 (Windows NT 10.0; Win64; x64) AppleWebKit/537.36 (KHTML, like Gecko) Chrome/137.0.0.0 Safari/537.36 Edg/137.0.0.0",
    "resourceType": "operations",
    "resourceId": "1",
    "timestamp": "2025-07-05T18:54:06.217Z"
  },
  {
    "id": 66,
    "userId": 2,
    "action": "Etkinlik Ekleme",
    "details": "Yeni etkinlik oluşturuldu: fgjhgfj",
    "ipAddress": "194.146.158.28",
    "userAgent": "Mozilla/5.0 (Windows NT 10.0; Win64; x64) AppleWebKit/537.36 (KHTML, like Gecko) Chrome/137.0.0.0 Safari/537.36 Edg/137.0.0.0",
    "resourceType": "events",
    "resourceId": "3",
    "timestamp": "2025-07-05T17:43:01.419Z"
  },
  {
    "id": 65,
    "userId": 2,
    "action": "Ayarlar Güncelleme",
    "details": "Güncellenen ayarlar: about.content",
    "ipAddress": "194.146.158.28",
    "userAgent": "Mozilla/5.0 (Windows NT 10.0; Win64; x64) AppleWebKit/537.36 (KHTML, like Gecko) Chrome/137.0.0.0 Safari/537.36 Edg/137.0.0.0",
    "resourceType": "settings",
    "resourceId": "about.content",
    "timestamp": "2025-07-05T17:38:24.153Z"
  },
  {
    "id": 64,
    "userId": 1,
    "action": "Yetkisiz Giriş Denemesi",
    "details": "Korumalı admin hesabına başarısız giriş denemesi: supermanager",
    "ipAddress": "194.146.158.28, 10.82.2.150",
    "userAgent": "Mozilla/5.0 (Windows NT 10.0; Win64; x64) AppleWebKit/537.36 (KHTML, like Gecko) Chrome/137.0.0.0 Safari/537.36 Edg/137.0.0.0",
    "resourceType": "security",
    "resourceId": "admin-login",
    "timestamp": "2025-07-05T17:35:36.993Z"
  },
  {
    "id": 63,
    "userId": 2,
    "action": "Operasyon Güncelleme",
    "details": "Operasyon güncellendi: vfbdsv ",
    "ipAddress": "194.146.158.28",
    "userAgent": "Mozilla/5.0 (Windows NT 10.0; Win64; x64) AppleWebKit/537.36 (KHTML, like Gecko) Chrome/137.0.0.0 Safari/537.36 Edg/137.0.0.0",
    "resourceType": "operations",
    "resourceId": "1",
    "timestamp": "2025-07-05T16:35:40.409Z"
  },
  {
    "id": 62,
    "userId": 2,
    "action": "Ekip Üyesi Ekleme",
    "details": "Yeni ekip üyesi eklendi: mahm .",
    "ipAddress": "194.146.158.28",
    "userAgent": "Mozilla/5.0 (Windows NT 10.0; Win64; x64) AppleWebKit/537.36 (KHTML, like Gecko) Chrome/137.0.0.0 Safari/537.36 Edg/137.0.0.0",
    "resourceType": "team",
    "resourceId": "1",
    "timestamp": "2025-07-05T16:35:17.193Z"
  },
  {
    "id": 61,
    "userId": 2,
    "action": "Operasyon Oluşturma",
    "details": "Yeni operasyon oluşturuldu: vfbdsv ",
    "ipAddress": "194.146.158.28",
    "userAgent": "Mozilla/5.0 (Windows NT 10.0; Win64; x64) AppleWebKit/537.36 (KHTML, like Gecko) Chrome/137.0.0.0 Safari/537.36 Edg/137.0.0.0",
    "resourceType": "operations",
    "resourceId": "1",
    "timestamp": "2025-07-05T16:34:44.275Z"
  },
  {
    "id": 60,
    "userId": 2,
    "action": "Rapor Oluşturma",
    "details": "Yeni rapor oluşturuldu: sfb xc",
    "ipAddress": "194.146.158.28",
    "userAgent": "Mozilla/5.0 (Windows NT 10.0; Win64; x64) AppleWebKit/537.36 (KHTML, like Gecko) Chrome/137.0.0.0 Safari/537.36 Edg/137.0.0.0",
    "resourceType": "reports",
    "resourceId": "1",
    "timestamp": "2025-07-05T16:33:37.809Z"
  },
  {
    "id": 59,
    "userId": 2,
    "action": "Haber Oluşturma",
    "details": "Yeni haber oluşturuldu: dfgndbsdv",
    "ipAddress": "194.146.158.28",
    "userAgent": "Mozilla/5.0 (Windows NT 10.0; Win64; x64) AppleWebKit/537.36 (KHTML, like Gecko) Chrome/137.0.0.0 Safari/537.36 Edg/137.0.0.0",
    "resourceType": "news",
    "resourceId": "1",
    "timestamp": "2025-07-05T16:33:28.866Z"
  },
  {
    "id": 58,
    "userId": 2,
    "action": "Bağış Kampanyası Silme",
    "details": "Bağış kampanyası silindi: easgfdgnddfas",
    "ipAddress": "194.146.158.28",
    "userAgent": "Mozilla/5.0 (Windows NT 10.0; Win64; x64) AppleWebKit/537.36 (KHTML, like Gecko) Chrome/137.0.0.0 Safari/537.36 Edg/137.0.0.0",
    "resourceType": "donation-campaigns",
    "resourceId": "1",
    "timestamp": "2025-07-05T14:11:49.207Z"
  },
  {
    "id": 57,
    "userId": 2,
    "action": "Bağış Yöntemi Silme",
    "details": "Bağış yöntemi silindi: wderwa",
    "ipAddress": "194.146.158.28",
    "userAgent": "Mozilla/5.0 (Windows NT 10.0; Win64; x64) AppleWebKit/537.36 (KHTML, like Gecko) Chrome/137.0.0.0 Safari/537.36 Edg/137.0.0.0",
    "resourceType": "donation-methods",
    "resourceId": "1",
    "timestamp": "2025-07-05T14:11:43.693Z"
  },
  {
    "id": 56,
    "userId": 2,
    "action": "Bağış Yöntemi Ekleme",
    "details": "Yeni bağış yöntemi eklendi: wderwa",
    "ipAddress": "194.146.158.28",
    "userAgent": "Mozilla/5.0 (Windows NT 10.0; Win64; x64) AppleWebKit/537.36 (KHTML, like Gecko) Chrome/137.0.0.0 Safari/537.36 Edg/137.0.0.0",
    "resourceType": "donation-methods",
    "resourceId": "1",
    "timestamp": "2025-07-05T14:11:38.335Z"
  },
  {
    "id": 55,
    "userId": 2,
    "action": "Admin Yetkisi Geri Alma",
    "details": "Kullanıcının admin yetkisi geri alındı: lolo (admin -> user)",
    "ipAddress": "194.146.158.28",
    "userAgent": "Mozilla/5.0 (Windows NT 10.0; Win64; x64) AppleWebKit/537.36 (KHTML, like Gecko) Chrome/137.0.0.0 Safari/537.36 Edg/137.0.0.0",
    "resourceType": "users",
    "resourceId": "4",
    "timestamp": "2025-07-05T14:10:56.584Z"
  },
  {
    "id": 54,
    "userId": 2,
    "action": "Admin İzni Verme",
    "details": "Kullanıcıya admin izni verildi: lolo (admin)",
    "ipAddress": "194.146.158.28",
    "userAgent": "Mozilla/5.0 (Windows NT 10.0; Win64; x64) AppleWebKit/537.36 (KHTML, like Gecko) Chrome/137.0.0.0 Safari/537.36 Edg/137.0.0.0",
    "resourceType": "users",
    "resourceId": "4",
    "timestamp": "2025-07-05T14:10:49.879Z"
  },
  {
    "id": 53,
    "userId": 2,
    "action": "Admin Yetkisi Geri Alma",
    "details": "Kullanıcının admin yetkisi geri alındı: lolo (admin -> user)",
    "ipAddress": "194.146.158.28",
    "userAgent": "Mozilla/5.0 (Windows NT 10.0; Win64; x64) AppleWebKit/537.36 (KHTML, like Gecko) Chrome/137.0.0.0 Safari/537.36 Edg/137.0.0.0",
    "resourceType": "users",
    "resourceId": "4",
    "timestamp": "2025-07-05T14:10:44.638Z"
  },
  {
    "id": 52,
    "userId": 1,
    "action": "Yetkisiz Giriş Denemesi",
    "details": "Korumalı admin hesabına başarısız giriş denemesi: supermanager",
    "ipAddress": "194.146.158.28, 10.83.5.144",
    "userAgent": "Mozilla/5.0 (Windows NT 10.0; Win64; x64) AppleWebKit/537.36 (KHTML, like Gecko) Chrome/137.0.0.0 Safari/537.36 Edg/137.0.0.0",
    "resourceType": "security",
    "resourceId": "admin-login",
    "timestamp": "2025-07-05T14:10:03.711Z"
  },
  {
    "id": 51,
    "userId": 2,
    "action": "Admin İzni Verme",
    "details": "Kullanıcıya admin izni verildi: lolo (admin)",
    "ipAddress": "194.146.158.28",
    "userAgent": "Mozilla/5.0 (Windows NT 10.0; Win64; x64) AppleWebKit/537.36 (KHTML, like Gecko) Chrome/137.0.0.0 Safari/537.36 Edg/137.0.0.0",
    "resourceType": "users",
    "resourceId": "4",
    "timestamp": "2025-07-05T12:24:12.811Z"
  },
  {
    "id": 50,
    "userId": 2,
    "action": "Kullanıcı Silme",
    "details": "Kullanıcı silindi: gfngb (user)",
    "ipAddress": "194.146.158.28",
    "userAgent": "Mozilla/5.0 (Windows NT 10.0; Win64; x64) AppleWebKit/537.36 (KHTML, like Gecko) Chrome/137.0.0.0 Safari/537.36 Edg/137.0.0.0",
    "resourceType": "users",
    "resourceId": "3",
    "timestamp": "2025-07-05T12:24:07.909Z"
  },
  {
    "id": 49,
    "userId": 2,
    "action": "Kullanıcı Yasağı Kaldırma",
    "details": "Kullanıcı yasağı kaldırıldı: ID 4",
    "ipAddress": "194.146.158.28",
    "userAgent": "Mozilla/5.0 (Windows NT 10.0; Win64; x64) AppleWebKit/537.36 (KHTML, like Gecko) Chrome/137.0.0.0 Safari/537.36 Edg/137.0.0.0",
    "resourceType": "users",
    "resourceId": "4",
    "timestamp": "2025-07-05T11:44:55.628Z"
  },
  {
    "id": 48,
    "userId": 1,
    "action": "Yetkisiz Giriş Denemesi",
    "details": "Korumalı admin hesabına başarısız giriş denemesi: supermanager",
    "ipAddress": "194.146.158.28, 10.83.6.49",
    "userAgent": "Mozilla/5.0 (Windows NT 10.0; Win64; x64) AppleWebKit/537.36 (KHTML, like Gecko) Chrome/137.0.0.0 Safari/537.36 Edg/137.0.0.0",
    "resourceType": "security",
    "resourceId": "admin-login",
    "timestamp": "2025-07-05T11:44:21.807Z"
  },
  {
    "id": 47,
    "userId": 2,
    "action": "Kullanıcı Banlama",
    "details": "Kullanıcı banlandı: ID 4",
    "ipAddress": "194.146.158.28",
    "userAgent": "Mozilla/5.0 (Windows NT 10.0; Win64; x64) AppleWebKit/537.36 (KHTML, like Gecko) Chrome/137.0.0.0 Safari/537.36 Edg/137.0.0.0",
    "resourceType": "users",
    "resourceId": "4",
    "timestamp": "2025-07-05T11:03:01.692Z"
  },
  {
    "id": 46,
    "userId": 1,
    "action": "Yetkisiz Giriş Denemesi",
    "details": "Korumalı admin hesabına başarısız giriş denemesi: supermanager",
    "ipAddress": "194.146.158.28, 10.81.11.198",
    "userAgent": "Mozilla/5.0 (Windows NT 10.0; Win64; x64) AppleWebKit/537.36 (KHTML, like Gecko) Chrome/137.0.0.0 Safari/537.36 Edg/137.0.0.0",
    "resourceType": "security",
    "resourceId": "admin-login",
    "timestamp": "2025-07-05T10:53:02.242Z"
  },
  {
    "id": 45,
    "userId": 1,
    "action": "Yetkisiz Giriş Denemesi",
    "details": "Korumalı admin hesabına başarısız giriş denemesi: supermanager",
    "ipAddress": "194.146.158.28, 10.81.6.62",
    "userAgent": "Mozilla/5.0 (Windows NT 10.0; Win64; x64) AppleWebKit/537.36 (KHTML, like Gecko) Chrome/137.0.0.0 Safari/537.36 Edg/137.0.0.0",
    "resourceType": "security",
    "resourceId": "admin-login",
    "timestamp": "2025-07-05T10:49:13.018Z"
  },
  {
    "id": 44,
    "userId": 1,
    "action": "Yetkisiz Giriş Denemesi",
    "details": "Korumalı admin hesabına başarısız giriş denemesi: lolo",
    "ipAddress": "194.146.158.28, 10.81.10.202",
    "userAgent": "Mozilla/5.0 (Windows NT 10.0; Win64; x64) AppleWebKit/537.36 (KHTML, like Gecko) Chrome/137.0.0.0 Safari/537.36 Edg/137.0.0.0",
    "resourceType": "security",
    "resourceId": "admin-login",
    "timestamp": "2025-07-05T10:48:45.606Z"
  },
  {
    "id": 43,
    "userId": 1,
    "action": "Yetkisiz Giriş Denemesi",
    "details": "Korumalı admin hesabına başarısız giriş denemesi: admin",
    "ipAddress": "194.146.158.28, 10.81.4.152",
    "userAgent": "Mozilla/5.0 (Windows NT 10.0; Win64; x64) AppleWebKit/537.36 (KHTML, like Gecko) Chrome/137.0.0.0 Safari/537.36 Edg/137.0.0.0",
    "resourceType": "security",
    "resourceId": "admin-login",
    "timestamp": "2025-07-05T10:45:12.120Z"
  },
  {
    "id": 42,
    "userId": 1,
    "action": "Yetkisiz Giriş Denemesi",
    "details": "Korumalı admin hesabına başarısız giriş denemesi: supermanager",
    "ipAddress": "194.146.158.28, 10.81.2.204",
    "userAgent": "Mozilla/5.0 (Windows NT 10.0; Win64; x64) AppleWebKit/537.36 (KHTML, like Gecko) Chrome/137.0.0.0 Safari/537.36 Edg/137.0.0.0",
    "resourceType": "security",
    "resourceId": "admin-login",
    "timestamp": "2025-07-05T10:44:37.471Z"
  },
  {
    "id": 41,
    "userId": 1,
    "action": "Yetkisiz Giriş Denemesi",
    "details": "Korumalı admin hesabına başarısız giriş denemesi: supermanager",
    "ipAddress": "194.146.158.28, 10.81.4.152",
    "userAgent": "Mozilla/5.0 (Windows NT 10.0; Win64; x64) AppleWebKit/537.36 (KHTML, like Gecko) Chrome/137.0.0.0 Safari/537.36 Edg/137.0.0.0",
    "resourceType": "security",
    "resourceId": "admin-login",
    "timestamp": "2025-07-05T10:44:22.786Z"
  },
  {
    "id": 40,
    "userId": 1,
    "action": "Yetkisiz Giriş Denemesi",
    "details": "Korumalı admin hesabına başarısız giriş denemesi: supermanager",
    "ipAddress": "194.146.158.28, 10.81.7.55",
    "userAgent": "Mozilla/5.0 (Windows NT 10.0; Win64; x64) AppleWebKit/537.36 (KHTML, like Gecko) Chrome/137.0.0.0 Safari/537.36 Edg/137.0.0.0",
    "resourceType": "security",
    "resourceId": "admin-login",
    "timestamp": "2025-07-05T10:44:01.627Z"
  },
  {
    "id": 39,
    "userId": 1,
    "action": "Yetkisiz Giriş Denemesi",
    "details": "Korumalı admin hesabına başarısız giriş denemesi: admin",
    "ipAddress": "127.0.0.1",
    "userAgent": "curl/8.11.1",
    "resourceType": "security",
    "resourceId": "admin-login",
    "timestamp": "2025-07-05T10:43:30.724Z"
  },
  {
    "id": 38,
    "userId": 1,
    "action": "Yetkisiz Giriş Denemesi",
    "details": "Korumalı admin hesabına başarısız giriş denemesi: supermanager",
    "ipAddress": "127.0.0.1",
    "userAgent": "curl/8.11.1",
    "resourceType": "security",
    "resourceId": "admin-login",
    "timestamp": "2025-07-05T10:43:21.564Z"
  },
  {
    "id": 37,
    "userId": 1,
    "action": "Admin Kullanıcı Oluşturma",
    "details": "Yeni admin kullanıcı oluşturuldu: lolo (admin)",
    "ipAddress": "194.146.158.28",
    "userAgent": "Mozilla/5.0 (Windows NT 10.0; Win64; x64) AppleWebKit/537.36 (KHTML, like Gecko) Chrome/137.0.0.0 Safari/537.36 Edg/137.0.0.0",
    "resourceType": "users",
    "resourceId": "4",
    "timestamp": "2025-07-05T10:32:36.102Z"
  },
  {
    "id": 36,
    "userId": 2,
    "action": "Ayarlar Güncelleme",
    "details": "Güncellenen ayarlar: auth.welcome_title, auth.welcome_description, auth.feature1_text, auth.feature2_text, auth.feature3_text, auth.feature4_text, auth.background_image",
    "ipAddress": "194.146.158.28",
    "userAgent": "Mozilla/5.0 (Windows NT 10.0; Win64; x64) AppleWebKit/537.36 (KHTML, like Gecko) Chrome/137.0.0.0 Safari/537.36 Edg/137.0.0.0",
    "resourceType": "settings",
    "resourceId": "auth.welcome_title,auth.welcome_description,auth.feature1_text,auth.feature2_text,auth.feature3_text,auth.feature4_text,auth.background_image",
    "timestamp": "2025-07-04T13:25:49.534Z"
  },
  {
    "id": 35,
    "userId": 2,
    "action": "Ayarlar Güncelleme",
    "details": "Güncellenen ayarlar: auth.background_image",
    "ipAddress": "194.146.158.28",
    "userAgent": "Mozilla/5.0 (Windows NT 10.0; Win64; x64) AppleWebKit/537.36 (KHTML, like Gecko) Chrome/137.0.0.0 Safari/537.36 Edg/137.0.0.0",
    "resourceType": "settings",
    "resourceId": "auth.background_image",
    "timestamp": "2025-07-04T13:25:49.124Z"
  },
  {
    "id": 34,
    "userId": 1,
    "action": "Yetkisiz Giriş Denemesi",
    "details": "Korumalı admin hesabına başarısız giriş denemesi: supermanager",
    "ipAddress": "194.146.158.28, 10.82.9.157",
    "userAgent": "Mozilla/5.0 (Windows NT 10.0; Win64; x64) AppleWebKit/537.36 (KHTML, like Gecko) Chrome/137.0.0.0 Safari/537.36 Edg/137.0.0.0",
    "resourceType": "security",
    "resourceId": "admin-login",
    "timestamp": "2025-07-04T10:27:40.854Z"
  },
  {
    "id": 33,
    "userId": 2,
    "action": "Medya Ekleme",
    "details": "Yeni medya eklendi: hfgndbf 2",
    "ipAddress": "172.31.128.18",
    "userAgent": "Mozilla/5.0 (Windows NT 10.0; Win64; x64) AppleWebKit/537.36 (KHTML, like Gecko) Chrome/137.0.0.0 Safari/537.36 Edg/137.0.0.0",
    "resourceType": "media",
    "resourceId": "2",
    "timestamp": "2025-07-03T15:38:21.836Z"
  },
  {
    "id": 32,
    "userId": 2,
    "action": "Medya Ekleme",
    "details": "Yeni medya eklendi: hfgndbf 1",
    "ipAddress": "172.31.128.18",
    "userAgent": "Mozilla/5.0 (Windows NT 10.0; Win64; x64) AppleWebKit/537.36 (KHTML, like Gecko) Chrome/137.0.0.0 Safari/537.36 Edg/137.0.0.0",
    "resourceType": "media",
    "resourceId": "1",
    "timestamp": "2025-07-03T15:38:21.819Z"
  },
  {
    "id": 31,
    "userId": 2,
    "action": "Etkinlik Ekleme",
    "details": "Yeni etkinlik oluşturuldu: gergr",
    "ipAddress": "172.31.128.18",
    "userAgent": "Mozilla/5.0 (Windows NT 10.0; Win64; x64) AppleWebKit/537.36 (KHTML, like Gecko) Chrome/137.0.0.0 Safari/537.36 Edg/137.0.0.0",
    "resourceType": "events",
    "resourceId": "2",
    "timestamp": "2025-07-03T15:37:13.586Z"
  },
  {
    "id": 30,
    "userId": 2,
    "action": "Bağış Kampanyası Ekleme",
    "details": "Yeni bağış kampanyası eklendi: easgfdgnddfas",
    "ipAddress": "10.82.1.156",
    "userAgent": "Mozilla/5.0 (Windows NT 10.0; Win64; x64) AppleWebKit/537.36 (KHTML, like Gecko) Chrome/137.0.0.0 Safari/537.36 Edg/137.0.0.0",
    "resourceType": "donation-campaigns",
    "resourceId": "1",
    "timestamp": "2025-07-01T17:31:17.041Z"
  },
  {
    "id": 29,
    "userId": 2,
    "action": "Ayarlar Güncelleme",
    "details": "Güncellenen ayarlar: contact.address, contact.phone, contact.email, contact.working_hours, contact.map_embed_url",
    "ipAddress": "10.83.9.16",
    "userAgent": "Mozilla/5.0 (Windows NT 10.0; Win64; x64) AppleWebKit/537.36 (KHTML, like Gecko) Chrome/137.0.0.0 Safari/537.36 Edg/137.0.0.0",
    "resourceType": "settings",
    "resourceId": "contact.address,contact.phone,contact.email,contact.working_hours,contact.map_embed_url",
    "timestamp": "2025-07-01T17:11:54.981Z"
  },
  {
    "id": 28,
    "userId": 2,
    "action": "Ayarlar Güncelleme",
    "details": "Güncellenen ayarlar: contact.working_hours",
    "ipAddress": "10.83.9.16",
    "userAgent": "Mozilla/5.0 (Windows NT 10.0; Win64; x64) AppleWebKit/537.36 (KHTML, like Gecko) Chrome/137.0.0.0 Safari/537.36 Edg/137.0.0.0",
    "resourceType": "settings",
    "resourceId": "contact.working_hours",
    "timestamp": "2025-07-01T17:11:52.777Z"
  },
  {
    "id": 27,
    "userId": 2,
    "action": "Ayarlar Güncelleme",
    "details": "Güncellenen ayarlar: contact.email",
    "ipAddress": "10.83.6.64",
    "userAgent": "Mozilla/5.0 (Windows NT 10.0; Win64; x64) AppleWebKit/537.36 (KHTML, like Gecko) Chrome/137.0.0.0 Safari/537.36 Edg/137.0.0.0",
    "resourceType": "settings",
    "resourceId": "contact.email",
    "timestamp": "2025-07-01T17:11:49.402Z"
  },
  {
    "id": 26,
    "userId": 2,
    "action": "Ayarlar Güncelleme",
    "details": "Güncellenen ayarlar: contact.phone",
    "ipAddress": "10.83.6.64",
    "userAgent": "Mozilla/5.0 (Windows NT 10.0; Win64; x64) AppleWebKit/537.36 (KHTML, like Gecko) Chrome/137.0.0.0 Safari/537.36 Edg/137.0.0.0",
    "resourceType": "settings",
    "resourceId": "contact.phone",
    "timestamp": "2025-07-01T17:11:46.892Z"
  },
  {
    "id": 25,
    "userId": 2,
    "action": "Ayarlar Güncelleme",
    "details": "Güncellenen ayarlar: contact.address",
    "ipAddress": "10.83.6.64",
    "userAgent": "Mozilla/5.0 (Windows NT 10.0; Win64; x64) AppleWebKit/537.36 (KHTML, like Gecko) Chrome/137.0.0.0 Safari/537.36 Edg/137.0.0.0",
    "resourceType": "settings",
    "resourceId": "contact.address",
    "timestamp": "2025-07-01T17:11:43.831Z"
  },
  {
    "id": 24,
    "userId": 2,
    "action": "Ayarlar Güncelleme",
    "details": "Güncellenen ayarlar: contact.address, contact.phone, contact.email, contact.working_hours, contact.map_embed_url",
    "ipAddress": "10.83.1.62",
    "userAgent": "Mozilla/5.0 (Windows NT 10.0; Win64; x64) AppleWebKit/537.36 (KHTML, like Gecko) Chrome/137.0.0.0 Safari/537.36 Edg/137.0.0.0",
    "resourceType": "settings",
    "resourceId": "contact.address,contact.phone,contact.email,contact.working_hours,contact.map_embed_url",
    "timestamp": "2025-07-01T17:06:33.251Z"
  },
  {
    "id": 23,
    "userId": 2,
    "action": "Ayarlar Güncelleme",
    "details": "Güncellenen ayarlar: contact.phone",
    "ipAddress": "10.83.4.115",
    "userAgent": "Mozilla/5.0 (Windows NT 10.0; Win64; x64) AppleWebKit/537.36 (KHTML, like Gecko) Chrome/137.0.0.0 Safari/537.36 Edg/137.0.0.0",
    "resourceType": "settings",
    "resourceId": "contact.phone",
    "timestamp": "2025-07-01T17:06:08.682Z"
  },
  {
    "id": 22,
    "userId": 2,
    "action": "Ayarlar Güncelleme",
    "details": "Güncellenen ayarlar: contact.address",
    "ipAddress": "10.83.4.115",
    "userAgent": "Mozilla/5.0 (Windows NT 10.0; Win64; x64) AppleWebKit/537.36 (KHTML, like Gecko) Chrome/137.0.0.0 Safari/537.36 Edg/137.0.0.0",
    "resourceType": "settings",
    "resourceId": "contact.address",
    "timestamp": "2025-07-01T17:06:04.838Z"
  },
  {
    "id": 21,
    "userId": 2,
    "action": "Ayarlar Güncelleme",
    "details": "Güncellenen ayarlar: general.site_title",
    "ipAddress": "10.83.4.115",
    "userAgent": "Mozilla/5.0 (Windows NT 10.0; Win64; x64) AppleWebKit/537.36 (KHTML, like Gecko) Chrome/137.0.0.0 Safari/537.36 Edg/137.0.0.0",
    "resourceType": "settings",
    "resourceId": "general.site_title",
    "timestamp": "2025-07-01T17:05:57.284Z"
  },
  {
    "id": 20,
    "userId": 2,
    "action": "Ayarlar Güncelleme",
    "details": "Güncellenen ayarlar: general_site_title",
    "ipAddress": "10.83.8.118",
    "userAgent": "Mozilla/5.0 (Windows NT 10.0; Win64; x64) AppleWebKit/537.36 (KHTML, like Gecko) Chrome/137.0.0.0 Safari/537.36 Edg/137.0.0.0",
    "resourceType": "settings",
    "resourceId": "general_site_title",
    "timestamp": "2025-07-01T17:03:12.616Z"
  },
  {
    "id": 19,
    "userId": 2,
    "action": "Ayarlar Güncelleme",
    "details": "Güncellenen ayarlar: contact_phone",
    "ipAddress": "10.83.8.118",
    "userAgent": "Mozilla/5.0 (Windows NT 10.0; Win64; x64) AppleWebKit/537.36 (KHTML, like Gecko) Chrome/137.0.0.0 Safari/537.36 Edg/137.0.0.0",
    "resourceType": "settings",
    "resourceId": "contact_phone",
    "timestamp": "2025-07-01T17:00:31.062Z"
  },
  {
    "id": 18,
    "userId": 2,
    "action": "Ayarlar Güncelleme",
    "details": "Güncellenen ayarlar: contact_address",
    "ipAddress": "10.83.4.115",
    "userAgent": "Mozilla/5.0 (Windows NT 10.0; Win64; x64) AppleWebKit/537.36 (KHTML, like Gecko) Chrome/137.0.0.0 Safari/537.36 Edg/137.0.0.0",
    "resourceType": "settings",
    "resourceId": "contact_address",
    "timestamp": "2025-07-01T17:00:21.334Z"
  },
  {
    "id": 17,
    "userId": 2,
    "action": "Ayarlar Güncelleme",
    "details": "Güncellenen ayarlar: contact_address, contact_phone, contact_email, contact_working_hours, contact_map_embed_url",
    "ipAddress": "10.83.3.147",
    "userAgent": "Mozilla/5.0 (Windows NT 10.0; Win64; x64) AppleWebKit/537.36 (KHTML, like Gecko) Chrome/137.0.0.0 Safari/537.36 Edg/137.0.0.0",
    "resourceType": "settings",
    "resourceId": "contact_address,contact_phone,contact_email,contact_working_hours,contact_map_embed_url",
    "timestamp": "2025-07-01T16:55:16.569Z"
  },
  {
    "id": 16,
    "userId": 2,
    "action": "Ayarlar Güncelleme",
    "details": "Güncellenen ayarlar: contact_address",
    "ipAddress": "10.83.3.147",
    "userAgent": "Mozilla/5.0 (Windows NT 10.0; Win64; x64) AppleWebKit/537.36 (KHTML, like Gecko) Chrome/137.0.0.0 Safari/537.36 Edg/137.0.0.0",
    "resourceType": "settings",
    "resourceId": "contact_address",
    "timestamp": "2025-07-01T16:54:59.522Z"
  },
  {
    "id": 15,
    "userId": 2,
    "action": "Ayarlar Güncelleme",
    "details": "Güncellenen ayarlar: contact_working_hours",
    "ipAddress": "10.83.3.147",
    "userAgent": "Mozilla/5.0 (Windows NT 10.0; Win64; x64) AppleWebKit/537.36 (KHTML, like Gecko) Chrome/137.0.0.0 Safari/537.36 Edg/137.0.0.0",
    "resourceType": "settings",
    "resourceId": "contact_working_hours",
    "timestamp": "2025-07-01T16:54:34.269Z"
  },
  {
    "id": 14,
    "userId": 2,
    "action": "Ayarlar Güncelleme",
    "details": "Güncellenen ayarlar: contact_working_hours",
    "ipAddress": "10.83.3.147",
    "userAgent": "Mozilla/5.0 (Windows NT 10.0; Win64; x64) AppleWebKit/537.36 (KHTML, like Gecko) Chrome/137.0.0.0 Safari/537.36 Edg/137.0.0.0",
    "resourceType": "settings",
    "resourceId": "contact_working_hours",
    "timestamp": "2025-07-01T16:54:26.481Z"
  },
  {
    "id": 13,
    "userId": 2,
    "action": "Ayarlar Güncelleme",
    "details": "Güncellenen ayarlar: contact_email",
    "ipAddress": "10.83.3.147",
    "userAgent": "Mozilla/5.0 (Windows NT 10.0; Win64; x64) AppleWebKit/537.36 (KHTML, like Gecko) Chrome/137.0.0.0 Safari/537.36 Edg/137.0.0.0",
    "resourceType": "settings",
    "resourceId": "contact_email",
    "timestamp": "2025-07-01T16:54:21.085Z"
  },
  {
    "id": 12,
    "userId": 2,
    "action": "Ayarlar Güncelleme",
    "details": "Güncellenen ayarlar: contact_phone",
    "ipAddress": "10.83.6.64",
    "userAgent": "Mozilla/5.0 (Windows NT 10.0; Win64; x64) AppleWebKit/537.36 (KHTML, like Gecko) Chrome/137.0.0.0 Safari/537.36 Edg/137.0.0.0",
    "resourceType": "settings",
    "resourceId": "contact_phone",
    "timestamp": "2025-07-01T16:54:09.582Z"
  },
  {
    "id": 11,
    "userId": 2,
    "action": "Ayarlar Güncelleme",
    "details": "Güncellenen ayarlar: contact_phone",
    "ipAddress": "10.83.1.62",
    "userAgent": "Mozilla/5.0 (Windows NT 10.0; Win64; x64) AppleWebKit/537.36 (KHTML, like Gecko) Chrome/137.0.0.0 Safari/537.36 Edg/137.0.0.0",
    "resourceType": "settings",
    "resourceId": "contact_phone",
    "timestamp": "2025-07-01T16:54:02.620Z"
  },
  {
    "id": 10,
    "userId": 2,
    "action": "Ayarlar Güncelleme",
    "details": "Güncellenen ayarlar: contact_address",
    "ipAddress": "10.83.1.62",
    "userAgent": "Mozilla/5.0 (Windows NT 10.0; Win64; x64) AppleWebKit/537.36 (KHTML, like Gecko) Chrome/137.0.0.0 Safari/537.36 Edg/137.0.0.0",
    "resourceType": "settings",
    "resourceId": "contact_address",
    "timestamp": "2025-07-01T16:53:58.428Z"
  },
  {
    "id": 9,
    "userId": 2,
    "action": "Ayarlar Güncelleme",
    "details": "Güncellenen ayarlar: contact_address",
    "ipAddress": "10.83.3.147",
    "userAgent": "Mozilla/5.0 (Windows NT 10.0; Win64; x64) AppleWebKit/537.36 (KHTML, like Gecko) Chrome/137.0.0.0 Safari/537.36 Edg/137.0.0.0",
    "resourceType": "settings",
    "resourceId": "contact_address",
    "timestamp": "2025-07-01T16:49:11.391Z"
  },
  {
    "id": 8,
    "userId": 2,
    "action": "UPDATE",
    "details": "Updated activity: fwfwEFW",
    "ipAddress": "10.81.10.63",
    "userAgent": "Mozilla/5.0 (Windows NT 10.0; Win64; x64) AppleWebKit/537.36 (KHTML, like Gecko) Chrome/137.0.0.0 Safari/537.36 Edg/137.0.0.0",
    "resourceType": "activities",
    "resourceId": "1",
    "timestamp": "2025-06-27T13:11:32.537Z"
  },
  {
    "id": 7,
    "userId": 2,
    "action": "Slider Silme",
    "details": "Ana sayfa slider silindi: ergrtg",
    "ipAddress": "10.82.9.80",
    "userAgent": "Mozilla/5.0 (Windows NT 10.0; Win64; x64) AppleWebKit/537.36 (KHTML, like Gecko) Chrome/137.0.0.0 Safari/537.36 Edg/137.0.0.0",
    "resourceType": "sliders",
    "resourceId": "2",
    "timestamp": "2025-06-27T12:43:41.491Z"
  },
  {
    "id": 6,
    "userId": 2,
    "action": "Slider Silme",
    "details": "Ana sayfa slider silindi: ergrtg",
    "ipAddress": "10.82.9.80",
    "userAgent": "Mozilla/5.0 (Windows NT 10.0; Win64; x64) AppleWebKit/537.36 (KHTML, like Gecko) Chrome/137.0.0.0 Safari/537.36 Edg/137.0.0.0",
    "resourceType": "sliders",
    "resourceId": "1",
    "timestamp": "2025-06-27T12:43:37.812Z"
  },
  {
    "id": 5,
    "userId": 2,
    "action": "Arşiv Oluşturma",
    "details": "Yeni arşiv öğesi oluşturuldu: ewfewef",
    "ipAddress": "10.82.7.49",
    "userAgent": "Mozilla/5.0 (Windows NT 10.0; Win64; x64) AppleWebKit/537.36 (KHTML, like Gecko) Chrome/137.0.0.0 Safari/537.36 Edg/137.0.0.0",
    "resourceType": "archive",
    "resourceId": "2",
    "timestamp": "2025-06-27T12:43:26.931Z"
  },
  {
    "id": 4,
    "userId": 2,
    "action": "Etkinlik Ekleme",
    "details": "Yeni etkinlik oluşturuldu: FWefwfwf",
    "ipAddress": "10.82.7.49",
    "userAgent": "Mozilla/5.0 (Windows NT 10.0; Win64; x64) AppleWebKit/537.36 (KHTML, like Gecko) Chrome/137.0.0.0 Safari/537.36 Edg/137.0.0.0",
    "resourceType": "events",
    "resourceId": "1",
    "timestamp": "2025-06-27T12:43:10.826Z"
  },
  {
    "id": 3,
    "userId": 2,
    "action": "CREATE",
    "details": "Created activity: fwfwEFW",
    "ipAddress": "10.82.7.49",
    "userAgent": "Mozilla/5.0 (Windows NT 10.0; Win64; x64) AppleWebKit/537.36 (KHTML, like Gecko) Chrome/137.0.0.0 Safari/537.36 Edg/137.0.0.0",
    "resourceType": "activities",
    "resourceId": "1",
    "timestamp": "2025-06-27T12:43:02.267Z"
  },
  {
    "id": 2,
    "userId": 1,
    "action": "Yetkisiz Giriş Denemesi",
    "details": "Korumalı admin hesabına başarısız giriş denemesi: admin",
    "ipAddress": "127.0.0.1",
    "userAgent": "curl/8.11.1",
    "resourceType": "security",
    "resourceId": "admin-login",
    "timestamp": "2025-06-27T10:47:02.242Z"
  },
  {
    "id": 1,
    "userId": 2,
    "action": "Güvenlik Sistemi Test",
    "details": "Güvenlik kayıtları sisteminin test edilmesi",
    "ipAddress": "127.0.0.1",
    "userAgent": "Test Script",
    "resourceType": "security",
    "resourceId": "test-1",
    "timestamp": "2025-06-27T08:32:38.031Z"
  }
]