[
  {
    "id": 1,
    "title": "FWefwfwf",
    "description": "wfwfwwfwEF",
    "date": "2025-06-27T00:00:00.000Z",
    "location": "WFEWf",
    "category": "training",
    "imagePath": "https://i.postimg.cc/VkkFz07X/kibris-arama-kurtarma-dernegi-baskanligina-oksuzali-secildi-h113756-c64d3.webp",
    "createdBy": 2,
    "createdAt": "2025-06-27T12:43:10.825Z"
  },
  {
    "id": 2,
    "title": "gergr",
    "description": "egreg",
    "date": "2025-07-03T00:00:00.000Z",
    "location": "grgege",
    "category": "training",
    "imagePath": "https://i.postimg.cc/VkkFz07X/kibris-arama-kurtarma-dernegi-baskanligina-oksuzali-secildi-h113756-c64d3.webp",
    "createdBy": 2,
    "createdAt": "2025-07-03T15:37:13.579Z"
  },
  {
    "id": 3,
    "title": "fgjhgfj",
    "description": "hmgfjmhggj",
    "date": "2025-07-11T00:00:00.000Z",
    "location": "gegeg",
    "category": "training",
    "imagePath": "https://i.postimg.cc/VkkFz07X/kibris-arama-kurtarma-dernegi-baskanligina-oksuzali-secildi-h113756-c64d3.webp",
    "createdBy": 2,
    "createdAt": "2025-07-05T17:43:01.418Z"
  }
]