[
  {
    "id": 1,
    "title": "Fotoğraf - lol",
    "description": "lol albümünden fotoğraf",
    "mediaType": "photo",
    "filePath": "https://i.postimg.cc/qBhXrR3N/kibris-arama-kurtarma-dernegi-baskanligina-oksuzali-secildi-h113756-c64d3.webp",
    "albumId": 1,
    "createdBy": 1,
    "thumbnailPath": null,
    "eventId": null,
    "createdAt": "2025-07-06T13:44:13.047Z"
  },
  {
    "id": 2,
    "title": "Fotoğraf - lol",
    "description": "lol albümünden fotoğraf",
    "mediaType": "photo",
    "filePath": "https://i.postimg.cc/qBhXrR3N/kibris-arama-kurtarma-dernegi-baskanligina-oksuzali-secildi-h113756-c64d3.webp",
    "albumId": 1,
    "createdBy": 1,
    "thumbnailPath": null,
    "eventId": null,
    "createdAt": "2025-07-06T13:44:13.055Z"
  },
  {
    "id": 3,
    "title": "KARK Eğitim Videosu",
    "description": "Arama kurtarma eğitimi demonstrasyonu",
    "mediaType": "video",
    "date": "2025-07-06",
    "filePath": "https://www.youtube.com/watch?v=dQw4w9WgXcQ",
    "createdBy": 1,
    "thumbnailPath": null,
    "eventId": null,
    "albumId": null,
    "createdAt": "2025-07-06T13:56:01.135Z"
  }
]