[
  {
    "id": 1,
    "firstName": "mahm",
    "lastName": ".",
    "position": "ljkşbjlkjşlki",
    "imagePath": null,
    "email": null,
    "skills": [],
    "memberType": "regular",
    "orderIndex": 1,
    "createdBy": 2,
    "createdAt": "2025-07-05T16:35:17.191Z"
  },
  {
    "id": 2,
    "firstName": "rtrgeert",
    "lastName": "hgrntagr",
    "position": "fbdags",
    "imagePath": "https://i.postimg.cc/VkkFz07X/kibris-arama-kurtarma-dernegi-baskanligina-oksuzali-secildi-h113756-c64d3.webp",
    "email": null,
    "skills": [],
    "memberType": "admin",
    "createdBy": 1,
    "createdAt": "2025-07-06T15:44:38.688Z"
  }
]